/*
 Navicat Premium Data Transfer

 Source Server         : pg_localhost
 Source Server Type    : PostgreSQL
 Source Server Version : 110004
 Source Host           : localhost:5433
 Source Catalog        : jeanbarcellos_nerdstore
 Source Schema         : public

 Target Server Type    : PostgreSQL
 Target Server Version : 110004
 File Encoding         : 65001

 Date: 03/07/2021 13:56:39
*/


-- ----------------------------
-- Sequence structure for AspNetRoleClaims_Id_seq
-- ----------------------------
DROP SEQUENCE IF EXISTS "public"."AspNetRoleClaims_Id_seq";
CREATE SEQUENCE "public"."AspNetRoleClaims_Id_seq" 
INCREMENT 1
MINVALUE  1
MAXVALUE 2147483647
START 1
CACHE 1;

-- ----------------------------
-- Sequence structure for AspNetUserClaims_Id_seq
-- ----------------------------
DROP SEQUENCE IF EXISTS "public"."AspNetUserClaims_Id_seq";
CREATE SEQUENCE "public"."AspNetUserClaims_Id_seq" 
INCREMENT 1
MINVALUE  1
MAXVALUE 2147483647
START 1
CACHE 1;

-- ----------------------------
-- Sequence structure for MinhaSequencia
-- ----------------------------
DROP SEQUENCE IF EXISTS "public"."MinhaSequencia";
CREATE SEQUENCE "public"."MinhaSequencia" 
INCREMENT 1
MINVALUE  1
MAXVALUE 2147483647
START 1000
CACHE 1;

-- ----------------------------
-- Table structure for AspNetRoleClaims
-- ----------------------------
DROP TABLE IF EXISTS "public"."AspNetRoleClaims";
CREATE TABLE "public"."AspNetRoleClaims" (
  "Id" int4 NOT NULL GENERATED BY DEFAULT AS IDENTITY (
INCREMENT 1
MINVALUE  1
MAXVALUE 2147483647
START 1
),
  "RoleId" text COLLATE "pg_catalog"."default" NOT NULL,
  "ClaimType" text COLLATE "pg_catalog"."default",
  "ClaimValue" text COLLATE "pg_catalog"."default"
)
;

-- ----------------------------
-- Records of AspNetRoleClaims
-- ----------------------------

-- ----------------------------
-- Table structure for AspNetRoles
-- ----------------------------
DROP TABLE IF EXISTS "public"."AspNetRoles";
CREATE TABLE "public"."AspNetRoles" (
  "Id" text COLLATE "pg_catalog"."default" NOT NULL,
  "Name" varchar(256) COLLATE "pg_catalog"."default",
  "NormalizedName" varchar(256) COLLATE "pg_catalog"."default",
  "ConcurrencyStamp" text COLLATE "pg_catalog"."default"
)
;

-- ----------------------------
-- Records of AspNetRoles
-- ----------------------------

-- ----------------------------
-- Table structure for AspNetUserClaims
-- ----------------------------
DROP TABLE IF EXISTS "public"."AspNetUserClaims";
CREATE TABLE "public"."AspNetUserClaims" (
  "Id" int4 NOT NULL GENERATED BY DEFAULT AS IDENTITY (
INCREMENT 1
MINVALUE  1
MAXVALUE 2147483647
START 1
),
  "UserId" text COLLATE "pg_catalog"."default" NOT NULL,
  "ClaimType" text COLLATE "pg_catalog"."default",
  "ClaimValue" text COLLATE "pg_catalog"."default"
)
;

-- ----------------------------
-- Records of AspNetUserClaims
-- ----------------------------

-- ----------------------------
-- Table structure for AspNetUserLogins
-- ----------------------------
DROP TABLE IF EXISTS "public"."AspNetUserLogins";
CREATE TABLE "public"."AspNetUserLogins" (
  "LoginProvider" varchar(128) COLLATE "pg_catalog"."default" NOT NULL,
  "ProviderKey" varchar(128) COLLATE "pg_catalog"."default" NOT NULL,
  "ProviderDisplayName" text COLLATE "pg_catalog"."default",
  "UserId" text COLLATE "pg_catalog"."default" NOT NULL
)
;

-- ----------------------------
-- Records of AspNetUserLogins
-- ----------------------------

-- ----------------------------
-- Table structure for AspNetUserRoles
-- ----------------------------
DROP TABLE IF EXISTS "public"."AspNetUserRoles";
CREATE TABLE "public"."AspNetUserRoles" (
  "UserId" text COLLATE "pg_catalog"."default" NOT NULL,
  "RoleId" text COLLATE "pg_catalog"."default" NOT NULL
)
;

-- ----------------------------
-- Records of AspNetUserRoles
-- ----------------------------

-- ----------------------------
-- Table structure for AspNetUserTokens
-- ----------------------------
DROP TABLE IF EXISTS "public"."AspNetUserTokens";
CREATE TABLE "public"."AspNetUserTokens" (
  "UserId" text COLLATE "pg_catalog"."default" NOT NULL,
  "LoginProvider" varchar(128) COLLATE "pg_catalog"."default" NOT NULL,
  "Name" varchar(128) COLLATE "pg_catalog"."default" NOT NULL,
  "Value" text COLLATE "pg_catalog"."default"
)
;

-- ----------------------------
-- Records of AspNetUserTokens
-- ----------------------------

-- ----------------------------
-- Table structure for AspNetUsers
-- ----------------------------
DROP TABLE IF EXISTS "public"."AspNetUsers";
CREATE TABLE "public"."AspNetUsers" (
  "Id" text COLLATE "pg_catalog"."default" NOT NULL,
  "UserName" varchar(256) COLLATE "pg_catalog"."default",
  "NormalizedUserName" varchar(256) COLLATE "pg_catalog"."default",
  "Email" varchar(256) COLLATE "pg_catalog"."default",
  "NormalizedEmail" varchar(256) COLLATE "pg_catalog"."default",
  "EmailConfirmed" bool NOT NULL,
  "PasswordHash" text COLLATE "pg_catalog"."default",
  "SecurityStamp" text COLLATE "pg_catalog"."default",
  "ConcurrencyStamp" text COLLATE "pg_catalog"."default",
  "PhoneNumber" text COLLATE "pg_catalog"."default",
  "PhoneNumberConfirmed" bool NOT NULL,
  "TwoFactorEnabled" bool NOT NULL,
  "LockoutEnd" timestamptz(6),
  "LockoutEnabled" bool NOT NULL,
  "AccessFailedCount" int4 NOT NULL
)
;

-- ----------------------------
-- Records of AspNetUsers
-- ----------------------------
INSERT INTO "public"."AspNetUsers" VALUES ('2d183a4d-f448-4324-81f3-b9fffe3272ae', 'teste@teste.com', 'TESTE@TESTE.COM', 'teste@teste.com', 'TESTE@TESTE.COM', 'f', 'AQAAAAEAACcQAAAAEBz4WFfMGJrVfvfJ655429lr4uSdAT4HLp1n4Kz9n4n1ggRKg5e1qLEY2rANU5PxPw==', 'GQ5HZC456FUCIQHAGG5M3VJCOFP25TTD', '7c3756e1-cb73-48ed-8125-a6ff8fbc57b0', NULL, 'f', 'f', NULL, 't', 0);
INSERT INTO "public"."AspNetUsers" VALUES ('805f7531-572b-449e-a91a-252c9321de5a', 'jeanbarcellos@hotmail.com', 'JEANBARCELLOS@HOTMAIL.COM', 'jeanbarcellos@hotmail.com', 'JEANBARCELLOS@HOTMAIL.COM', 'f', 'AQAAAAEAACcQAAAAEBz4WFfMGJrVfvfJ655429lr4uSdAT4HLp1n4Kz9n4n1ggRKg5e1qLEY2rANU5PxPw==', 'TWYMSPA3DZWI4AYIBN2XHP5ALXE2X3NI', '68270de6-4faf-47d7-bc2a-e83045b76298', NULL, 'f', 'f', NULL, 't', 0);

-- ----------------------------
-- Table structure for Categorias
-- ----------------------------
DROP TABLE IF EXISTS "public"."Categorias";
CREATE TABLE "public"."Categorias" (
  "Id" uuid NOT NULL,
  "Nome" varchar(250) COLLATE "pg_catalog"."default" NOT NULL,
  "Codigo" int4 NOT NULL
)
;

-- ----------------------------
-- Records of Categorias
-- ----------------------------
INSERT INTO "public"."Categorias" VALUES ('06867776-b52c-4a85-8815-14ee1552a559', 'Camisetas', 100);
INSERT INTO "public"."Categorias" VALUES ('18e5b82c-6c4c-42ef-ab9f-5f142ecd663e', 'Canecas', 101);
INSERT INTO "public"."Categorias" VALUES ('e55d2134-b9ae-4921-bf05-b084e29248e1', 'Adeviso', 102);

-- ----------------------------
-- Table structure for Pagamentos
-- ----------------------------
DROP TABLE IF EXISTS "public"."Pagamentos";
CREATE TABLE "public"."Pagamentos" (
  "Id" uuid NOT NULL,
  "PedidoId" uuid NOT NULL,
  "Status" varchar(100) COLLATE "pg_catalog"."default",
  "Valor" numeric NOT NULL,
  "NomeCartao" varchar(100) COLLATE "pg_catalog"."default",
  "NumeroCartao" varchar(100) COLLATE "pg_catalog"."default",
  "ExpiracaoCartao" varchar(100) COLLATE "pg_catalog"."default",
  "CVVCartao" varchar(100) COLLATE "pg_catalog"."default"
)
;

-- ----------------------------
-- Records of Pagamentos
-- ----------------------------
INSERT INTO "public"."Pagamentos" VALUES ('2a6f52d1-8da2-426f-b2ec-57b5349fbe1a', 'edb7a4b2-193f-4fd1-b87f-7fc9953117b9', NULL, 75.00, 'Jean Barcellos', '1111-2222-3333-4444', '15/06/2022', '123');
INSERT INTO "public"."Pagamentos" VALUES ('a8ec8cc0-18e7-4644-93df-fd9e3735966c', 'fdb4240d-b0cb-4037-8698-0eab74f87a3d', NULL, 210, 'Jean Barcellos', '1111-2222-3333-4444', '08/2022', '321');
INSERT INTO "public"."Pagamentos" VALUES ('50be6dba-6955-4d34-b038-474869daec5e', '9fe514ef-2d25-4dd0-bc3f-fecf958658b4', NULL, 345.00, 'Francisca Koss', '1111-2222-3333-4444', '10/25', '123');

-- ----------------------------
-- Table structure for PedidoItens
-- ----------------------------
DROP TABLE IF EXISTS "public"."PedidoItens";
CREATE TABLE "public"."PedidoItens" (
  "Id" uuid NOT NULL,
  "PedidoId" uuid NOT NULL,
  "ProdutoId" uuid NOT NULL,
  "ProdutoNome" varchar(250) COLLATE "pg_catalog"."default" NOT NULL,
  "Quantidade" int4 NOT NULL,
  "ValorUnitario" numeric NOT NULL
)
;

-- ----------------------------
-- Records of PedidoItens
-- ----------------------------
INSERT INTO "public"."PedidoItens" VALUES ('dae39ef3-fc6a-470f-a9ef-447ffae1ab0e', 'af085d0b-03ac-42b9-a4a1-74726a928afa', 'c498acc1-b622-4507-b3ff-64084325635e', 'Camiseta Code Life Preta', 2, 90);
INSERT INTO "public"."PedidoItens" VALUES ('2001fa67-7430-4d87-b2e4-41827adacb2b', 'af085d0b-03ac-42b9-a4a1-74726a928afa', '399a4305-1172-433a-891b-e0ac3857cde0', 'Caneca No Coffe No Code', 2, 30);
INSERT INTO "public"."PedidoItens" VALUES ('885fe58f-0199-46df-b391-70bf5c68be23', '4acc0371-197c-49dc-9a20-6f8b6af68562', '82e966fe-806e-4395-97af-20bcf4f31733', 'Camiseta Debugar Preta', 1, 110);
INSERT INTO "public"."PedidoItens" VALUES ('4efd9704-a65e-4734-8b55-b929fb5153b5', '50f7ea12-fdab-4a5e-a983-70554091e9e2', 'c498acc1-b622-4507-b3ff-64084325635e', 'Camiseta Code Life Preta', 1, 90);
INSERT INTO "public"."PedidoItens" VALUES ('63931f4b-1cc5-4eed-a2c9-7b801e34b5d2', 'edb7a4b2-193f-4fd1-b87f-7fc9953117b9', 'c498acc1-b622-4507-b3ff-64084325635e', 'Camiseta Code Life Preta', 1, 90);
INSERT INTO "public"."PedidoItens" VALUES ('fb5337d7-6b43-478e-8e7e-aec888ad2be5', 'fdb4240d-b0cb-4037-8698-0eab74f87a3d', '06867776-b52c-4a85-8815-14ee1552a559', 'Camiseta Sofware Developer', 1, 100);
INSERT INTO "public"."PedidoItens" VALUES ('f8fa5c7b-d196-4bd0-a777-4b18ef441e7b', 'fdb4240d-b0cb-4037-8698-0eab74f87a3d', '82e966fe-806e-4395-97af-20bcf4f31733', 'Camiseta Debugar Preta', 1, 110);
INSERT INTO "public"."PedidoItens" VALUES ('6af93fdf-9537-4385-a593-a9f0617b3442', '09249e84-336e-4f77-a21b-d178890086ec', '06867776-b52c-4a85-8815-14ee1552a559', 'Camiseta Sofware Developer', 1, 100);
INSERT INTO "public"."PedidoItens" VALUES ('de0ca9af-df8e-4174-b46b-4f24a660a7b2', 'e48f72b9-2803-4d2f-acb0-b65348bef754', '09c0e6b1-4763-4c77-bb92-ee3f68f8995e', 'Camiseta Code Life Cinza', 1, 80);
INSERT INTO "public"."PedidoItens" VALUES ('651f6c77-026c-4049-9527-64c6296d2649', '9fe514ef-2d25-4dd0-bc3f-fecf958658b4', 'c498acc1-b622-4507-b3ff-64084325635e', 'Camiseta Code Life Preta', 4, 90);

-- ----------------------------
-- Table structure for Pedidos
-- ----------------------------
DROP TABLE IF EXISTS "public"."Pedidos";
CREATE TABLE "public"."Pedidos" (
  "Id" uuid NOT NULL,
  "Codigo" int4 NOT NULL DEFAULT nextval('"MinhaSequencia"'::regclass),
  "ClienteId" uuid NOT NULL,
  "VoucherId" uuid,
  "VoucherUtilizado" bool NOT NULL,
  "Desconto" numeric NOT NULL,
  "ValorTotal" numeric NOT NULL,
  "DataCadastro" timestamp(6) NOT NULL,
  "PedidoStatus" int4 NOT NULL
)
;

-- ----------------------------
-- Records of Pedidos
-- ----------------------------
INSERT INTO "public"."Pedidos" VALUES ('af085d0b-03ac-42b9-a4a1-74726a928afa', 1001, '7030f1d4-a952-4b27-b323-7277615621fb', '3ccbaf0b-9793-42cf-a27c-6f51c93e95d6', 't', 15.00, 225.00, '2021-06-08 21:03:53.051043', 1);
INSERT INTO "public"."Pedidos" VALUES ('4acc0371-197c-49dc-9a20-6f8b6af68562', 1002, '7030f1d4-a952-4b27-b323-7277615621fb', NULL, 'f', 0, 110, '2021-06-08 22:03:43.176076', 1);
INSERT INTO "public"."Pedidos" VALUES ('50f7ea12-fdab-4a5e-a983-70554091e9e2', 1003, '7030f1d4-a952-4b27-b323-7277615621fb', NULL, 'f', 0, 90, '2021-06-08 22:11:11.00446', 1);
INSERT INTO "public"."Pedidos" VALUES ('edb7a4b2-193f-4fd1-b87f-7fc9953117b9', 1004, '7030f1d4-a952-4b27-b323-7277615621fb', '3ccbaf0b-9793-42cf-a27c-6f51c93e95d6', 't', 15.00, 75.00, '2021-06-14 21:41:00.957337', 4);
INSERT INTO "public"."Pedidos" VALUES ('fdb4240d-b0cb-4037-8698-0eab74f87a3d', 1005, '7030f1d4-a952-4b27-b323-7277615621fb', NULL, 'f', 0, 210, '2021-06-14 21:41:58.747529', 4);
INSERT INTO "public"."Pedidos" VALUES ('09249e84-336e-4f77-a21b-d178890086ec', 1006, '7030f1d4-a952-4b27-b323-7277615621fb', NULL, 'f', 0, 100, '2021-06-21 22:30:03.640262', 0);
INSERT INTO "public"."Pedidos" VALUES ('e48f72b9-2803-4d2f-acb0-b65348bef754', 1007, '805f7531-572b-449e-a91a-252c9321de5a', NULL, 'f', 0, 80, '2021-06-26 17:01:16.228899', 0);
INSERT INTO "public"."Pedidos" VALUES ('9fe514ef-2d25-4dd0-bc3f-fecf958658b4', 1008, '2d183a4d-f448-4324-81f3-b9fffe3272ae', '3ccbaf0b-9793-42cf-a27c-6f51c93e95d6', 't', 15.00, 345.00, '2021-06-26 20:30:12.338928', 4);

-- ----------------------------
-- Table structure for Produtos
-- ----------------------------
DROP TABLE IF EXISTS "public"."Produtos";
CREATE TABLE "public"."Produtos" (
  "Id" uuid NOT NULL,
  "CategoriaId" uuid NOT NULL,
  "Nome" varchar(250) COLLATE "pg_catalog"."default" NOT NULL,
  "Descricao" varchar(500) COLLATE "pg_catalog"."default" NOT NULL,
  "Ativo" bool NOT NULL,
  "Valor" numeric NOT NULL,
  "DataCadastro" timestamp(6) NOT NULL,
  "Imagem" varchar(250) COLLATE "pg_catalog"."default" NOT NULL,
  "QuantidadeEstoque" int4 NOT NULL,
  "Altura" int4,
  "Largura" int4,
  "Profundidade" int4
)
;

-- ----------------------------
-- Records of Produtos
-- ----------------------------
INSERT INTO "public"."Produtos" VALUES ('09c0e6b1-4763-4c77-bb92-ee3f68f8995e', '06867776-b52c-4a85-8815-14ee1552a559', 'Camiseta Code Life Cinza', 'Descrição', 't', 80, '2021-02-27 17:08:52.913199', 'camiseta3.jpg', 10, 5, 5, 5);
INSERT INTO "public"."Produtos" VALUES ('55c0eb46-8eee-441d-afc6-a8ba3d2881df', '18e5b82c-6c4c-42ef-ab9f-5f142ecd663e', 'Caneca Start Bugs', 'Descrição', 't', 25, '2021-02-27 17:10:21.116423', 'caneca1.jpg', 10, 5, 5, 5);
INSERT INTO "public"."Produtos" VALUES ('ac6deb27-e7c9-4169-99f9-787b28283573', '18e5b82c-6c4c-42ef-ab9f-5f142ecd663e', 'Caneca Programmer COde', 'Descrição', 't', 15, '2021-02-27 17:14:35.909087', 'caneca2.jpg', 10, 5, 5, 5);
INSERT INTO "public"."Produtos" VALUES ('0a988a84-3a2e-41bb-b8d7-7fb16a48cad0', '18e5b82c-6c4c-42ef-ab9f-5f142ecd663e', 'Caneca Turn Coffe In Code', 'Descrição', 't', 15, '2021-02-27 17:10:21.116423', 'caneca3.jpg', 10, 5, 5, 5);
INSERT INTO "public"."Produtos" VALUES ('399a4305-1172-433a-891b-e0ac3857cde0', '18e5b82c-6c4c-42ef-ab9f-5f142ecd663e', 'Caneca No Coffe No Code', 'Descrição', 't', 30, '2021-02-27 17:10:21.116423', 'caneca4.jpg', 10, 5, 5, 5);
INSERT INTO "public"."Produtos" VALUES ('06867776-b52c-4a85-8815-14ee1552a559', '06867776-b52c-4a85-8815-14ee1552a559', 'Camiseta Sofware Developer', 'Descrição', 't', 100, '2021-02-27 17:10:21.116423', 'camiseta1.jpg', 9, 5, 5, 5);
INSERT INTO "public"."Produtos" VALUES ('82e966fe-806e-4395-97af-20bcf4f31733', '06867776-b52c-4a85-8815-14ee1552a559', 'Camiseta Debugar Preta', 'Descrição', 't', 110, '2021-02-27 00:00:00', 'camiseta4.jpg', 9, 11, 5, 5);
INSERT INTO "public"."Produtos" VALUES ('c498acc1-b622-4507-b3ff-64084325635e', '06867776-b52c-4a85-8815-14ee1552a559', 'Camiseta Code Life Preta', 'Descrição', 't', 90, '2021-02-27 00:00:00', 'camiseta2.jpg', 5, 5, 5, 5);

-- ----------------------------
-- Table structure for Transacoes
-- ----------------------------
DROP TABLE IF EXISTS "public"."Transacoes";
CREATE TABLE "public"."Transacoes" (
  "Id" uuid NOT NULL,
  "PedidoId" uuid NOT NULL,
  "PagamentoId" uuid NOT NULL,
  "Total" numeric NOT NULL,
  "StatusTransacao" int4 NOT NULL
)
;

-- ----------------------------
-- Records of Transacoes
-- ----------------------------
INSERT INTO "public"."Transacoes" VALUES ('4950c99a-1984-44f1-a537-1ffaf839e151', 'edb7a4b2-193f-4fd1-b87f-7fc9953117b9', '2a6f52d1-8da2-426f-b2ec-57b5349fbe1a', 75.00, 1);
INSERT INTO "public"."Transacoes" VALUES ('690514d3-c9cf-4bb6-8b1d-c71c05b47a1a', 'fdb4240d-b0cb-4037-8698-0eab74f87a3d', 'a8ec8cc0-18e7-4644-93df-fd9e3735966c', 210, 1);
INSERT INTO "public"."Transacoes" VALUES ('e65e5f07-5b1a-48ae-b966-08ce92627eb1', '9fe514ef-2d25-4dd0-bc3f-fecf958658b4', '50be6dba-6955-4d34-b038-474869daec5e', 345.00, 1);

-- ----------------------------
-- Table structure for Vouchers
-- ----------------------------
DROP TABLE IF EXISTS "public"."Vouchers";
CREATE TABLE "public"."Vouchers" (
  "Id" uuid NOT NULL,
  "Codigo" varchar(100) COLLATE "pg_catalog"."default" NOT NULL,
  "Percentual" numeric,
  "ValorDesconto" numeric,
  "Quantidade" int4 NOT NULL,
  "TipoDescontoVoucher" int4 NOT NULL,
  "DataCriacao" timestamp(6) NOT NULL,
  "DataUtilizacao" timestamp(6),
  "DataValidade" timestamp(6) NOT NULL,
  "Ativo" bool NOT NULL,
  "Utilizado" bool NOT NULL
)
;

-- ----------------------------
-- Records of Vouchers
-- ----------------------------
INSERT INTO "public"."Vouchers" VALUES ('20bc1b93-5111-4d32-ab3e-779222bbdff9', 'PROMO-10-OFF', 10.00, NULL, 50, 0, '2021-02-01 00:00:00', NULL, '2021-12-31 00:00:00', 't', 'f');
INSERT INTO "public"."Vouchers" VALUES ('3ccbaf0b-9793-42cf-a27c-6f51c93e95d6', 'PROMO-15-REAIS', NULL, 15.00, 50, 1, '2021-02-01 00:00:00', NULL, '2021-12-31 00:00:00', 't', 'f');

-- ----------------------------
-- Table structure for __EFMigrationsHistory
-- ----------------------------
DROP TABLE IF EXISTS "public"."__EFMigrationsHistory";
CREATE TABLE "public"."__EFMigrationsHistory" (
  "MigrationId" varchar(150) COLLATE "pg_catalog"."default" NOT NULL,
  "ProductVersion" varchar(32) COLLATE "pg_catalog"."default" NOT NULL
)
;

-- ----------------------------
-- Records of __EFMigrationsHistory
-- ----------------------------
INSERT INTO "public"."__EFMigrationsHistory" VALUES ('20210526013034_Initial', '5.0.6');
INSERT INTO "public"."__EFMigrationsHistory" VALUES ('20210603012414_Initial', '5.0.6');
INSERT INTO "public"."__EFMigrationsHistory" VALUES ('20210615002812_initial', '5.0.6');
INSERT INTO "public"."__EFMigrationsHistory" VALUES ('20210626193256_Initial', '5.0.6');

-- ----------------------------
-- Alter sequences owned by
-- ----------------------------
ALTER SEQUENCE "public"."AspNetRoleClaims_Id_seq"
OWNED BY "public"."AspNetRoleClaims"."Id";
SELECT setval('"public"."AspNetRoleClaims_Id_seq"', 2, false);

-- ----------------------------
-- Alter sequences owned by
-- ----------------------------
ALTER SEQUENCE "public"."AspNetUserClaims_Id_seq"
OWNED BY "public"."AspNetUserClaims"."Id";
SELECT setval('"public"."AspNetUserClaims_Id_seq"', 2, false);

-- ----------------------------
-- Alter sequences owned by
-- ----------------------------
SELECT setval('"public"."MinhaSequencia"', 1009, true);

-- ----------------------------
-- Indexes structure for table AspNetRoleClaims
-- ----------------------------
CREATE INDEX "IX_AspNetRoleClaims_RoleId" ON "public"."AspNetRoleClaims" USING btree (
  "RoleId" COLLATE "pg_catalog"."default" "pg_catalog"."text_ops" ASC NULLS LAST
);

-- ----------------------------
-- Primary Key structure for table AspNetRoleClaims
-- ----------------------------
ALTER TABLE "public"."AspNetRoleClaims" ADD CONSTRAINT "PK_AspNetRoleClaims" PRIMARY KEY ("Id");

-- ----------------------------
-- Indexes structure for table AspNetRoles
-- ----------------------------
CREATE UNIQUE INDEX "RoleNameIndex" ON "public"."AspNetRoles" USING btree (
  "NormalizedName" COLLATE "pg_catalog"."default" "pg_catalog"."text_ops" ASC NULLS LAST
);

-- ----------------------------
-- Primary Key structure for table AspNetRoles
-- ----------------------------
ALTER TABLE "public"."AspNetRoles" ADD CONSTRAINT "PK_AspNetRoles" PRIMARY KEY ("Id");

-- ----------------------------
-- Indexes structure for table AspNetUserClaims
-- ----------------------------
CREATE INDEX "IX_AspNetUserClaims_UserId" ON "public"."AspNetUserClaims" USING btree (
  "UserId" COLLATE "pg_catalog"."default" "pg_catalog"."text_ops" ASC NULLS LAST
);

-- ----------------------------
-- Primary Key structure for table AspNetUserClaims
-- ----------------------------
ALTER TABLE "public"."AspNetUserClaims" ADD CONSTRAINT "PK_AspNetUserClaims" PRIMARY KEY ("Id");

-- ----------------------------
-- Indexes structure for table AspNetUserLogins
-- ----------------------------
CREATE INDEX "IX_AspNetUserLogins_UserId" ON "public"."AspNetUserLogins" USING btree (
  "UserId" COLLATE "pg_catalog"."default" "pg_catalog"."text_ops" ASC NULLS LAST
);

-- ----------------------------
-- Primary Key structure for table AspNetUserLogins
-- ----------------------------
ALTER TABLE "public"."AspNetUserLogins" ADD CONSTRAINT "PK_AspNetUserLogins" PRIMARY KEY ("LoginProvider", "ProviderKey");

-- ----------------------------
-- Indexes structure for table AspNetUserRoles
-- ----------------------------
CREATE INDEX "IX_AspNetUserRoles_RoleId" ON "public"."AspNetUserRoles" USING btree (
  "RoleId" COLLATE "pg_catalog"."default" "pg_catalog"."text_ops" ASC NULLS LAST
);

-- ----------------------------
-- Primary Key structure for table AspNetUserRoles
-- ----------------------------
ALTER TABLE "public"."AspNetUserRoles" ADD CONSTRAINT "PK_AspNetUserRoles" PRIMARY KEY ("UserId", "RoleId");

-- ----------------------------
-- Primary Key structure for table AspNetUserTokens
-- ----------------------------
ALTER TABLE "public"."AspNetUserTokens" ADD CONSTRAINT "PK_AspNetUserTokens" PRIMARY KEY ("UserId", "LoginProvider", "Name");

-- ----------------------------
-- Indexes structure for table AspNetUsers
-- ----------------------------
CREATE INDEX "EmailIndex" ON "public"."AspNetUsers" USING btree (
  "NormalizedEmail" COLLATE "pg_catalog"."default" "pg_catalog"."text_ops" ASC NULLS LAST
);
CREATE UNIQUE INDEX "UserNameIndex" ON "public"."AspNetUsers" USING btree (
  "NormalizedUserName" COLLATE "pg_catalog"."default" "pg_catalog"."text_ops" ASC NULLS LAST
);

-- ----------------------------
-- Primary Key structure for table AspNetUsers
-- ----------------------------
ALTER TABLE "public"."AspNetUsers" ADD CONSTRAINT "PK_AspNetUsers" PRIMARY KEY ("Id");

-- ----------------------------
-- Primary Key structure for table Categorias
-- ----------------------------
ALTER TABLE "public"."Categorias" ADD CONSTRAINT "PK_Categorias" PRIMARY KEY ("Id");

-- ----------------------------
-- Primary Key structure for table Pagamentos
-- ----------------------------
ALTER TABLE "public"."Pagamentos" ADD CONSTRAINT "PK_Pagamentos" PRIMARY KEY ("Id");

-- ----------------------------
-- Indexes structure for table PedidoItens
-- ----------------------------
CREATE INDEX "IX_PedidoItens_PedidoId" ON "public"."PedidoItens" USING btree (
  "PedidoId" "pg_catalog"."uuid_ops" ASC NULLS LAST
);

-- ----------------------------
-- Primary Key structure for table PedidoItens
-- ----------------------------
ALTER TABLE "public"."PedidoItens" ADD CONSTRAINT "PK_PedidoItens" PRIMARY KEY ("Id");

-- ----------------------------
-- Indexes structure for table Pedidos
-- ----------------------------
CREATE INDEX "IX_Pedidos_VoucherId" ON "public"."Pedidos" USING btree (
  "VoucherId" "pg_catalog"."uuid_ops" ASC NULLS LAST
);

-- ----------------------------
-- Primary Key structure for table Pedidos
-- ----------------------------
ALTER TABLE "public"."Pedidos" ADD CONSTRAINT "PK_Pedidos" PRIMARY KEY ("Id");

-- ----------------------------
-- Indexes structure for table Produtos
-- ----------------------------
CREATE INDEX "IX_Produtos_CategoriaId" ON "public"."Produtos" USING btree (
  "CategoriaId" "pg_catalog"."uuid_ops" ASC NULLS LAST
);

-- ----------------------------
-- Primary Key structure for table Produtos
-- ----------------------------
ALTER TABLE "public"."Produtos" ADD CONSTRAINT "PK_Produtos" PRIMARY KEY ("Id");

-- ----------------------------
-- Indexes structure for table Transacoes
-- ----------------------------
CREATE UNIQUE INDEX "IX_Transacoes_PagamentoId" ON "public"."Transacoes" USING btree (
  "PagamentoId" "pg_catalog"."uuid_ops" ASC NULLS LAST
);

-- ----------------------------
-- Primary Key structure for table Transacoes
-- ----------------------------
ALTER TABLE "public"."Transacoes" ADD CONSTRAINT "PK_Transacoes" PRIMARY KEY ("Id");

-- ----------------------------
-- Primary Key structure for table Vouchers
-- ----------------------------
ALTER TABLE "public"."Vouchers" ADD CONSTRAINT "PK_Vouchers" PRIMARY KEY ("Id");

-- ----------------------------
-- Primary Key structure for table __EFMigrationsHistory
-- ----------------------------
ALTER TABLE "public"."__EFMigrationsHistory" ADD CONSTRAINT "PK___EFMigrationsHistory" PRIMARY KEY ("MigrationId");

-- ----------------------------
-- Foreign Keys structure for table AspNetRoleClaims
-- ----------------------------
ALTER TABLE "public"."AspNetRoleClaims" ADD CONSTRAINT "FK_AspNetRoleClaims_AspNetRoles_RoleId" FOREIGN KEY ("RoleId") REFERENCES "public"."AspNetRoles" ("Id") ON DELETE CASCADE ON UPDATE NO ACTION;

-- ----------------------------
-- Foreign Keys structure for table AspNetUserClaims
-- ----------------------------
ALTER TABLE "public"."AspNetUserClaims" ADD CONSTRAINT "FK_AspNetUserClaims_AspNetUsers_UserId" FOREIGN KEY ("UserId") REFERENCES "public"."AspNetUsers" ("Id") ON DELETE CASCADE ON UPDATE NO ACTION;

-- ----------------------------
-- Foreign Keys structure for table AspNetUserLogins
-- ----------------------------
ALTER TABLE "public"."AspNetUserLogins" ADD CONSTRAINT "FK_AspNetUserLogins_AspNetUsers_UserId" FOREIGN KEY ("UserId") REFERENCES "public"."AspNetUsers" ("Id") ON DELETE CASCADE ON UPDATE NO ACTION;

-- ----------------------------
-- Foreign Keys structure for table AspNetUserRoles
-- ----------------------------
ALTER TABLE "public"."AspNetUserRoles" ADD CONSTRAINT "FK_AspNetUserRoles_AspNetRoles_RoleId" FOREIGN KEY ("RoleId") REFERENCES "public"."AspNetRoles" ("Id") ON DELETE CASCADE ON UPDATE NO ACTION;
ALTER TABLE "public"."AspNetUserRoles" ADD CONSTRAINT "FK_AspNetUserRoles_AspNetUsers_UserId" FOREIGN KEY ("UserId") REFERENCES "public"."AspNetUsers" ("Id") ON DELETE CASCADE ON UPDATE NO ACTION;

-- ----------------------------
-- Foreign Keys structure for table AspNetUserTokens
-- ----------------------------
ALTER TABLE "public"."AspNetUserTokens" ADD CONSTRAINT "FK_AspNetUserTokens_AspNetUsers_UserId" FOREIGN KEY ("UserId") REFERENCES "public"."AspNetUsers" ("Id") ON DELETE CASCADE ON UPDATE NO ACTION;

-- ----------------------------
-- Foreign Keys structure for table PedidoItens
-- ----------------------------
ALTER TABLE "public"."PedidoItens" ADD CONSTRAINT "FK_PedidoItens_Pedidos_PedidoId" FOREIGN KEY ("PedidoId") REFERENCES "public"."Pedidos" ("Id") ON DELETE RESTRICT ON UPDATE NO ACTION;

-- ----------------------------
-- Foreign Keys structure for table Pedidos
-- ----------------------------
ALTER TABLE "public"."Pedidos" ADD CONSTRAINT "FK_Pedidos_Vouchers_VoucherId" FOREIGN KEY ("VoucherId") REFERENCES "public"."Vouchers" ("Id") ON DELETE RESTRICT ON UPDATE NO ACTION;

-- ----------------------------
-- Foreign Keys structure for table Produtos
-- ----------------------------
ALTER TABLE "public"."Produtos" ADD CONSTRAINT "FK_Produtos_Categorias_CategoriaId" FOREIGN KEY ("CategoriaId") REFERENCES "public"."Categorias" ("Id") ON DELETE CASCADE ON UPDATE NO ACTION;

-- ----------------------------
-- Foreign Keys structure for table Transacoes
-- ----------------------------
ALTER TABLE "public"."Transacoes" ADD CONSTRAINT "FK_Transacoes_Pagamentos_PagamentoId" FOREIGN KEY ("PagamentoId") REFERENCES "public"."Pagamentos" ("Id") ON DELETE RESTRICT ON UPDATE NO ACTION;
